phase_id,list_id,task,stim_id,task_id,order
1,1,categorization,79,CJ079,1
1,1,categorization,23,CJ023,2
1,1,categorization,31,CJ031,3
1,1,categorization,12,CJ012,4
1,1,categorization,4,CJ004,5
1,1,categorization,20,CJ020,6
1,1,categorization,14,CJ014,7
1,1,categorization,80,CJ080,8
1,1,categorization,26,CJ026,9
1,1,categorization,65,CJ065,10
1,1,categorization,84,CJ084,11
1,1,categorization,69,CJ069,12
1,1,categorization,16,CJ016,13
1,1,categorization,27,CJ027,14
1,1,categorization,30,CJ030,15
1,1,categorization,29,CJ029,16
1,1,categorization,13,CJ013,17
1,1,categorization,70,CJ070,18
1,1,categorization,73,CJ073,19
1,1,categorization,11,CJ011,20
1,1,categorization,24,CJ024,21
1,1,categorization,2,CJ002,22
1,1,categorization,75,CJ075,23
1,1,categorization,90,CJ090,24
1,1,categorization,78,CJ078,25
1,1,categorization,88,CJ088,26
1,1,categorization,93,CJ093,27
1,1,categorization,1,CJ001,28
1,1,categorization,8,CJ008,29
1,1,categorization,7,CJ007,30
1,1,categorization,91,CJ091,31
1,1,categorization,95,CJ095,32
1,1,categorization,21,CJ021,33
1,1,categorization,17,CJ017,34
1,1,categorization,25,CJ025,35
1,1,categorization,87,CJ087,36
1,1,categorization,89,CJ089,37
1,1,categorization,92,CJ092,38
1,1,categorization,77,CJ077,39
1,1,categorization,83,CJ083,40
1,1,categorization,94,CJ094,41
1,1,categorization,32,CJ032,42
1,1,categorization,3,CJ003,43
1,1,categorization,72,CJ072,44
1,1,categorization,86,CJ086,45
1,1,categorization,66,CJ066,46
1,1,categorization,5,CJ005,47
1,1,categorization,68,CJ068,48
1,1,categorization,28,CJ028,49
1,1,categorization,82,CJ082,50
1,1,categorization,18,CJ018,51
1,1,categorization,81,CJ081,52
1,1,categorization,9,CJ009,53
1,1,categorization,19,CJ019,54
1,1,categorization,74,CJ074,55
1,1,categorization,85,CJ085,56
1,1,categorization,15,CJ015,57
1,1,categorization,96,CJ096,58
1,1,categorization,76,CJ076,59
1,1,categorization,10,CJ010,60
1,1,categorization,6,CJ006,61
1,1,categorization,67,CJ067,62
1,1,categorization,22,CJ022,63
1,1,categorization,71,CJ071,64
1,1,truth,6,TR006,1
1,1,truth,102,TR102,2
1,1,truth,5,TR005,3
1,1,truth,98,TR098,4
1,1,truth,72,TR072,5
1,1,truth,36,TR036,6
1,1,truth,35,TR035,7
1,1,truth,67,TR067,8
1,1,truth,104,TR104,9
1,1,truth,69,TR069,10
1,1,truth,68,TR068,11
1,1,truth,71,TR071,12
1,1,truth,103,TR103,13
1,1,truth,34,TR034,14
1,1,truth,65,TR065,15
1,1,truth,37,TR037,16
1,1,truth,66,TR066,17
1,1,truth,2,TR002,18
1,1,truth,4,TR004,19
1,1,truth,7,TR007,20
1,1,truth,99,TR099,21
1,1,truth,3,TR003,22
1,1,truth,100,TR100,23
1,1,truth,101,TR101,24
1,1,truth,33,TR033,25
1,1,truth,70,TR070,26
1,1,truth,40,TR040,27
1,1,truth,39,TR039,28
1,1,truth,97,TR097,29
1,1,truth,1,TR001,30
1,1,truth,8,TR008,31
1,1,truth,38,TR038,32
2,1,truth,44,TR044,1
2,1,truth,13,TR013,2
2,1,truth,76,TR076,3
2,1,truth,15,TR015,4
2,1,truth,75,TR075,5
2,1,truth,80,TR080,6
2,1,truth,45,TR045,7
2,1,truth,105,TR105,8
2,1,truth,14,TR014,9
2,1,truth,73,TR073,10
2,1,truth,78,TR078,11
2,1,truth,12,TR012,12
2,1,truth,48,TR048,13
2,1,truth,111,TR111,14
2,1,truth,110,TR110,15
2,1,truth,47,TR047,16
2,1,truth,46,TR046,17
2,1,truth,41,TR041,18
2,1,truth,42,TR042,19
2,1,truth,112,TR112,20
2,1,truth,106,TR106,21
2,1,truth,108,TR108,22
2,1,truth,9,TR009,23
2,1,truth,43,TR043,24
2,1,truth,74,TR074,25
2,1,truth,79,TR079,26
2,1,truth,11,TR011,27
2,1,truth,109,TR109,28
2,1,truth,10,TR010,29
2,1,truth,107,TR107,30
2,1,truth,16,TR016,31
2,1,truth,77,TR077,32
3,1,truth,84,TR084,1
3,1,truth,88,TR088,2
3,1,truth,50,TR050,3
3,1,truth,20,TR020,4
3,1,truth,49,TR049,5
3,1,truth,117,TR117,6
3,1,truth,21,TR021,7
3,1,truth,82,TR082,8
3,1,truth,53,TR053,9
3,1,truth,51,TR051,10
3,1,truth,18,TR018,11
3,1,truth,119,TR119,12
3,1,truth,56,TR056,13
3,1,truth,115,TR115,14
3,1,truth,22,TR022,15
3,1,truth,19,TR019,16
3,1,truth,17,TR017,17
3,1,truth,118,TR118,18
3,1,truth,87,TR087,19
3,1,truth,55,TR055,20
3,1,truth,114,TR114,21
3,1,truth,85,TR085,22
3,1,truth,81,TR081,23
3,1,truth,52,TR052,24
3,1,truth,54,TR054,25
3,1,truth,83,TR083,26
3,1,truth,113,TR113,27
3,1,truth,116,TR116,28
3,1,truth,24,TR024,29
3,1,truth,120,TR120,30
3,1,truth,86,TR086,31
3,1,truth,23,TR023,32
4,1,truth,89,TR089,1
4,1,truth,128,TR128,2
4,1,truth,61,TR061,3
4,1,truth,62,TR062,4
4,1,truth,58,TR058,5
4,1,truth,126,TR126,6
4,1,truth,92,TR092,7
4,1,truth,63,TR063,8
4,1,truth,122,TR122,9
4,1,truth,32,TR032,10
4,1,truth,123,TR123,11
4,1,truth,96,TR096,12
4,1,truth,93,TR093,13
4,1,truth,95,TR095,14
4,1,truth,31,TR031,15
4,1,truth,25,TR025,16
4,1,truth,127,TR127,17
4,1,truth,60,TR060,18
4,1,truth,90,TR090,19
4,1,truth,30,TR030,20
4,1,truth,29,TR029,21
4,1,truth,59,TR059,22
4,1,truth,26,TR026,23
4,1,truth,94,TR094,24
4,1,truth,124,TR124,25
4,1,truth,27,TR027,26
4,1,truth,28,TR028,27
4,1,truth,125,TR125,28
4,1,truth,121,TR121,29
4,1,truth,91,TR091,30
4,1,truth,64,TR064,31
4,1,truth,57,TR057,32
1,2,categorization,61,CJ061,1
1,2,categorization,85,CJ085,2
1,2,categorization,80,CJ080,3
1,2,categorization,88,CJ088,4
1,2,categorization,122,CJ122,5
1,2,categorization,17,CJ017,6
1,2,categorization,66,CJ066,7
1,2,categorization,15,CJ015,8
1,2,categorization,86,CJ086,9
1,2,categorization,6,CJ006,10
1,2,categorization,4,CJ004,11
1,2,categorization,70,CJ070,12
1,2,categorization,71,CJ071,13
1,2,categorization,83,CJ083,14
1,2,categorization,9,CJ009,15
1,2,categorization,12,CJ012,16
1,2,categorization,10,CJ010,17
1,2,categorization,62,CJ062,18
1,2,categorization,77,CJ077,19
1,2,categorization,69,CJ069,20
1,2,categorization,81,CJ081,21
1,2,categorization,18,CJ018,22
1,2,categorization,87,CJ087,23
1,2,categorization,72,CJ072,24
1,2,categorization,58,CJ058,25
1,2,categorization,73,CJ073,26
1,2,categorization,3,CJ003,27
1,2,categorization,7,CJ007,28
1,2,categorization,63,CJ063,29
1,2,categorization,11,CJ011,30
1,2,categorization,128,CJ128,31
1,2,categorization,125,CJ125,32
1,2,categorization,22,CJ022,33
1,2,categorization,60,CJ060,34
1,2,categorization,24,CJ024,35
1,2,categorization,65,CJ065,36
1,2,categorization,57,CJ057,37
1,2,categorization,2,CJ002,38
1,2,categorization,82,CJ082,39
1,2,categorization,75,CJ075,40
1,2,categorization,20,CJ020,41
1,2,categorization,16,CJ016,42
1,2,categorization,68,CJ068,43
1,2,categorization,124,CJ124,44
1,2,categorization,76,CJ076,45
1,2,categorization,64,CJ064,46
1,2,categorization,126,CJ126,47
1,2,categorization,59,CJ059,48
1,2,categorization,79,CJ079,49
1,2,categorization,67,CJ067,50
1,2,categorization,84,CJ084,51
1,2,categorization,8,CJ008,52
1,2,categorization,5,CJ005,53
1,2,categorization,19,CJ019,54
1,2,categorization,127,CJ127,55
1,2,categorization,123,CJ123,56
1,2,categorization,1,CJ001,57
1,2,categorization,78,CJ078,58
1,2,categorization,21,CJ021,59
1,2,categorization,14,CJ014,60
1,2,categorization,23,CJ023,61
1,2,categorization,121,CJ121,62
1,2,categorization,13,CJ013,63
1,2,categorization,74,CJ074,64
1,2,truth,60,TR060,1
1,2,truth,63,TR063,2
1,2,truth,93,TR093,3
1,2,truth,125,TR125,4
1,2,truth,91,TR091,5
1,2,truth,123,TR123,6
1,2,truth,59,TR059,7
1,2,truth,90,TR090,8
1,2,truth,96,TR096,9
1,2,truth,94,TR094,10
1,2,truth,58,TR058,11
1,2,truth,61,TR061,12
1,2,truth,29,TR029,13
1,2,truth,31,TR031,14
1,2,truth,26,TR026,15
1,2,truth,32,TR032,16
1,2,truth,64,TR064,17
1,2,truth,126,TR126,18
1,2,truth,92,TR092,19
1,2,truth,28,TR028,20
1,2,truth,95,TR095,21
1,2,truth,89,TR089,22
1,2,truth,62,TR062,23
1,2,truth,27,TR027,24
1,2,truth,124,TR124,25
1,2,truth,57,TR057,26
1,2,truth,127,TR127,27
1,2,truth,121,TR121,28
1,2,truth,122,TR122,29
1,2,truth,25,TR025,30
1,2,truth,30,TR030,31
1,2,truth,128,TR128,32
2,2,truth,39,TR039,1
2,2,truth,99,TR099,2
2,2,truth,67,TR067,3
2,2,truth,4,TR004,4
2,2,truth,97,TR097,5
2,2,truth,69,TR069,6
2,2,truth,70,TR070,7
2,2,truth,100,TR100,8
2,2,truth,1,TR001,9
2,2,truth,7,TR007,10
2,2,truth,5,TR005,11
2,2,truth,6,TR006,12
2,2,truth,37,TR037,13
2,2,truth,66,TR066,14
2,2,truth,36,TR036,15
2,2,truth,65,TR065,16
2,2,truth,101,TR101,17
2,2,truth,33,TR033,18
2,2,truth,35,TR035,19
2,2,truth,68,TR068,20
2,2,truth,8,TR008,21
2,2,truth,72,TR072,22
2,2,truth,104,TR104,23
2,2,truth,3,TR003,24
2,2,truth,102,TR102,25
2,2,truth,34,TR034,26
2,2,truth,38,TR038,27
2,2,truth,98,TR098,28
2,2,truth,2,TR002,29
2,2,truth,71,TR071,30
2,2,truth,40,TR040,31
2,2,truth,103,TR103,32
3,2,truth,43,TR043,1
3,2,truth,14,TR014,2
3,2,truth,112,TR112,3
3,2,truth,80,TR080,4
3,2,truth,107,TR107,5
3,2,truth,15,TR015,6
3,2,truth,78,TR078,7
3,2,truth,9,TR009,8
3,2,truth,41,TR041,9
3,2,truth,106,TR106,10
3,2,truth,11,TR011,11
3,2,truth,76,TR076,12
3,2,truth,13,TR013,13
3,2,truth,79,TR079,14
3,2,truth,109,TR109,15
3,2,truth,42,TR042,16
3,2,truth,48,TR048,17
3,2,truth,111,TR111,18
3,2,truth,44,TR044,19
3,2,truth,12,TR012,20
3,2,truth,16,TR016,21
3,2,truth,77,TR077,22
3,2,truth,73,TR073,23
3,2,truth,108,TR108,24
3,2,truth,10,TR010,25
3,2,truth,47,TR047,26
3,2,truth,110,TR110,27
3,2,truth,45,TR045,28
3,2,truth,74,TR074,29
3,2,truth,46,TR046,30
3,2,truth,75,TR075,31
3,2,truth,105,TR105,32
4,2,truth,86,TR086,1
4,2,truth,118,TR118,2
4,2,truth,51,TR051,3
4,2,truth,113,TR113,4
4,2,truth,17,TR017,5
4,2,truth,88,TR088,6
4,2,truth,114,TR114,7
4,2,truth,21,TR021,8
4,2,truth,23,TR023,9
4,2,truth,85,TR085,10
4,2,truth,56,TR056,11
4,2,truth,87,TR087,12
4,2,truth,115,TR115,13
4,2,truth,18,TR018,14
4,2,truth,55,TR055,15
4,2,truth,120,TR120,16
4,2,truth,24,TR024,17
4,2,truth,53,TR053,18
4,2,truth,54,TR054,19
4,2,truth,119,TR119,20
4,2,truth,82,TR082,21
4,2,truth,116,TR116,22
4,2,truth,19,TR019,23
4,2,truth,84,TR084,24
4,2,truth,49,TR049,25
4,2,truth,117,TR117,26
4,2,truth,20,TR020,27
4,2,truth,83,TR083,28
4,2,truth,22,TR022,29
4,2,truth,50,TR050,30
4,2,truth,81,TR081,31
4,2,truth,52,TR052,32
1,3,categorization,60,CJ060,1
1,3,categorization,10,CJ010,2
1,3,categorization,66,CJ066,3
1,3,categorization,128,CJ128,4
1,3,categorization,14,CJ014,5
1,3,categorization,123,CJ123,6
1,3,categorization,126,CJ126,7
1,3,categorization,5,CJ005,8
1,3,categorization,64,CJ064,9
1,3,categorization,6,CJ006,10
1,3,categorization,61,CJ061,11
1,3,categorization,72,CJ072,12
1,3,categorization,78,CJ078,13
1,3,categorization,8,CJ008,14
1,3,categorization,49,CJ049,15
1,3,categorization,115,CJ115,16
1,3,categorization,65,CJ065,17
1,3,categorization,113,CJ113,18
1,3,categorization,119,CJ119,19
1,3,categorization,58,CJ058,20
1,3,categorization,12,CJ012,21
1,3,categorization,55,CJ055,22
1,3,categorization,2,CJ002,23
1,3,categorization,9,CJ009,24
1,3,categorization,53,CJ053,25
1,3,categorization,122,CJ122,26
1,3,categorization,50,CJ050,27
1,3,categorization,62,CJ062,28
1,3,categorization,80,CJ080,29
1,3,categorization,68,CJ068,30
1,3,categorization,77,CJ077,31
1,3,categorization,1,CJ001,32
1,3,categorization,59,CJ059,33
1,3,categorization,116,CJ116,34
1,3,categorization,7,CJ007,35
1,3,categorization,127,CJ127,36
1,3,categorization,52,CJ052,37
1,3,categorization,76,CJ076,38
1,3,categorization,4,CJ004,39
1,3,categorization,74,CJ074,40
1,3,categorization,124,CJ124,41
1,3,categorization,11,CJ011,42
1,3,categorization,15,CJ015,43
1,3,categorization,121,CJ121,44
1,3,categorization,117,CJ117,45
1,3,categorization,70,CJ070,46
1,3,categorization,51,CJ051,47
1,3,categorization,79,CJ079,48
1,3,categorization,16,CJ016,49
1,3,categorization,63,CJ063,50
1,3,categorization,13,CJ013,51
1,3,categorization,120,CJ120,52
1,3,categorization,67,CJ067,53
1,3,categorization,118,CJ118,54
1,3,categorization,114,CJ114,55
1,3,categorization,3,CJ003,56
1,3,categorization,75,CJ075,57
1,3,categorization,54,CJ054,58
1,3,categorization,57,CJ057,59
1,3,categorization,73,CJ073,60
1,3,categorization,69,CJ069,61
1,3,categorization,56,CJ056,62
1,3,categorization,71,CJ071,63
1,3,categorization,125,CJ125,64
1,3,truth,54,TR054,1
1,3,truth,19,TR019,2
1,3,truth,23,TR023,3
1,3,truth,88,TR088,4
1,3,truth,82,TR082,5
1,3,truth,53,TR053,6
1,3,truth,87,TR087,7
1,3,truth,50,TR050,8
1,3,truth,116,TR116,9
1,3,truth,20,TR020,10
1,3,truth,117,TR117,11
1,3,truth,18,TR018,12
1,3,truth,114,TR114,13
1,3,truth,22,TR022,14
1,3,truth,55,TR055,15
1,3,truth,86,TR086,16
1,3,truth,56,TR056,17
1,3,truth,84,TR084,18
1,3,truth,52,TR052,19
1,3,truth,118,TR118,20
1,3,truth,49,TR049,21
1,3,truth,119,TR119,22
1,3,truth,113,TR113,23
1,3,truth,115,TR115,24
1,3,truth,21,TR021,25
1,3,truth,24,TR024,26
1,3,truth,120,TR120,27
1,3,truth,51,TR051,28
1,3,truth,81,TR081,29
1,3,truth,85,TR085,30
1,3,truth,83,TR083,31
1,3,truth,17,TR017,32
2,3,truth,25,TR025,1
2,3,truth,92,TR092,2
2,3,truth,62,TR062,3
2,3,truth,121,TR121,4
2,3,truth,57,TR057,5
2,3,truth,93,TR093,6
2,3,truth,59,TR059,7
2,3,truth,94,TR094,8
2,3,truth,127,TR127,9
2,3,truth,63,TR063,10
2,3,truth,96,TR096,11
2,3,truth,91,TR091,12
2,3,truth,95,TR095,13
2,3,truth,89,TR089,14
2,3,truth,30,TR030,15
2,3,truth,28,TR028,16
2,3,truth,61,TR061,17
2,3,truth,29,TR029,18
2,3,truth,125,TR125,19
2,3,truth,60,TR060,20
2,3,truth,126,TR126,21
2,3,truth,123,TR123,22
2,3,truth,122,TR122,23
2,3,truth,58,TR058,24
2,3,truth,124,TR124,25
2,3,truth,31,TR031,26
2,3,truth,64,TR064,27
2,3,truth,90,TR090,28
2,3,truth,128,TR128,29
2,3,truth,32,TR032,30
2,3,truth,26,TR026,31
2,3,truth,27,TR027,32
3,3,truth,100,TR100,1
3,3,truth,7,TR007,2
3,3,truth,104,TR104,3
3,3,truth,67,TR067,4
3,3,truth,71,TR071,5
3,3,truth,99,TR099,6
3,3,truth,6,TR006,7
3,3,truth,98,TR098,8
3,3,truth,65,TR065,9
3,3,truth,103,TR103,10
3,3,truth,35,TR035,11
3,3,truth,36,TR036,12
3,3,truth,102,TR102,13
3,3,truth,3,TR003,14
3,3,truth,70,TR070,15
3,3,truth,69,TR069,16
3,3,truth,40,TR040,17
3,3,truth,2,TR002,18
3,3,truth,8,TR008,19
3,3,truth,39,TR039,20
3,3,truth,97,TR097,21
3,3,truth,72,TR072,22
3,3,truth,33,TR033,23
3,3,truth,4,TR004,24
3,3,truth,68,TR068,25
3,3,truth,38,TR038,26
3,3,truth,5,TR005,27
3,3,truth,101,TR101,28
3,3,truth,37,TR037,29
3,3,truth,1,TR001,30
3,3,truth,34,TR034,31
3,3,truth,66,TR066,32
4,3,truth,109,TR109,1
4,3,truth,16,TR016,2
4,3,truth,12,TR012,3
4,3,truth,48,TR048,4
4,3,truth,11,TR011,5
4,3,truth,73,TR073,6
4,3,truth,110,TR110,7
4,3,truth,105,TR105,8
4,3,truth,43,TR043,9
4,3,truth,80,TR080,10
4,3,truth,14,TR014,11
4,3,truth,77,TR077,12
4,3,truth,78,TR078,13
4,3,truth,10,TR010,14
4,3,truth,13,TR013,15
4,3,truth,112,TR112,16
4,3,truth,76,TR076,17
4,3,truth,44,TR044,18
4,3,truth,75,TR075,19
4,3,truth,79,TR079,20
4,3,truth,15,TR015,21
4,3,truth,45,TR045,22
4,3,truth,111,TR111,23
4,3,truth,46,TR046,24
4,3,truth,42,TR042,25
4,3,truth,108,TR108,26
4,3,truth,47,TR047,27
4,3,truth,106,TR106,28
4,3,truth,74,TR074,29
4,3,truth,9,TR009,30
4,3,truth,107,TR107,31
4,3,truth,41,TR041,32
1,4,categorization,65,CJ065,1
1,4,categorization,7,CJ007,2
1,4,categorization,43,CJ043,3
1,4,categorization,51,CJ051,4
1,4,categorization,108,CJ108,5
1,4,categorization,127,CJ127,6
1,4,categorization,45,CJ045,7
1,4,categorization,52,CJ052,8
1,4,categorization,111,CJ111,9
1,4,categorization,5,CJ005,10
1,4,categorization,49,CJ049,11
1,4,categorization,109,CJ109,12
1,4,categorization,60,CJ060,13
1,4,categorization,59,CJ059,14
1,4,categorization,113,CJ113,15
1,4,categorization,114,CJ114,16
1,4,categorization,69,CJ069,17
1,4,categorization,41,CJ041,18
1,4,categorization,72,CJ072,19
1,4,categorization,71,CJ071,20
1,4,categorization,4,CJ004,21
1,4,categorization,70,CJ070,22
1,4,categorization,126,CJ126,23
1,4,categorization,68,CJ068,24
1,4,categorization,47,CJ047,25
1,4,categorization,55,CJ055,26
1,4,categorization,112,CJ112,27
1,4,categorization,63,CJ063,28
1,4,categorization,50,CJ050,29
1,4,categorization,42,CJ042,30
1,4,categorization,1,CJ001,31
1,4,categorization,110,CJ110,32
1,4,categorization,125,CJ125,33
1,4,categorization,57,CJ057,34
1,4,categorization,6,CJ006,35
1,4,categorization,121,CJ121,36
1,4,categorization,106,CJ106,37
1,4,categorization,124,CJ124,38
1,4,categorization,2,CJ002,39
1,4,categorization,119,CJ119,40
1,4,categorization,122,CJ122,41
1,4,categorization,48,CJ048,42
1,4,categorization,116,CJ116,43
1,4,categorization,46,CJ046,44
1,4,categorization,66,CJ066,45
1,4,categorization,3,CJ003,46
1,4,categorization,115,CJ115,47
1,4,categorization,8,CJ008,48
1,4,categorization,64,CJ064,49
1,4,categorization,44,CJ044,50
1,4,categorization,107,CJ107,51
1,4,categorization,67,CJ067,52
1,4,categorization,58,CJ058,53
1,4,categorization,128,CJ128,54
1,4,categorization,123,CJ123,55
1,4,categorization,53,CJ053,56
1,4,categorization,118,CJ118,57
1,4,categorization,62,CJ062,58
1,4,categorization,54,CJ054,59
1,4,categorization,120,CJ120,60
1,4,categorization,117,CJ117,61
1,4,categorization,61,CJ061,62
1,4,categorization,105,CJ105,63
1,4,categorization,56,CJ056,64
1,4,truth,9,TR009,1
1,4,truth,74,TR074,2
1,4,truth,46,TR046,3
1,4,truth,79,TR079,4
1,4,truth,10,TR010,5
1,4,truth,76,TR076,6
1,4,truth,110,TR110,7
1,4,truth,45,TR045,8
1,4,truth,105,TR105,9
1,4,truth,73,TR073,10
1,4,truth,80,TR080,11
1,4,truth,48,TR048,12
1,4,truth,43,TR043,13
1,4,truth,47,TR047,14
1,4,truth,75,TR075,15
1,4,truth,15,TR015,16
1,4,truth,41,TR041,17
1,4,truth,13,TR013,18
1,4,truth,106,TR106,19
1,4,truth,112,TR112,20
1,4,truth,16,TR016,21
1,4,truth,109,TR109,22
1,4,truth,12,TR012,23
1,4,truth,108,TR108,24
1,4,truth,77,TR077,25
1,4,truth,78,TR078,26
1,4,truth,11,TR011,27
1,4,truth,42,TR042,28
1,4,truth,44,TR044,29
1,4,truth,111,TR111,30
1,4,truth,14,TR014,31
1,4,truth,107,TR107,32
2,4,truth,50,TR050,1
2,4,truth,88,TR088,2
2,4,truth,56,TR056,3
2,4,truth,86,TR086,4
2,4,truth,54,TR054,5
2,4,truth,115,TR115,6
2,4,truth,83,TR083,7
2,4,truth,119,TR119,8
2,4,truth,117,TR117,9
2,4,truth,85,TR085,10
2,4,truth,120,TR120,11
2,4,truth,24,TR024,12
2,4,truth,116,TR116,13
2,4,truth,52,TR052,14
2,4,truth,113,TR113,15
2,4,truth,53,TR053,16
2,4,truth,49,TR049,17
2,4,truth,21,TR021,18
2,4,truth,51,TR051,19
2,4,truth,22,TR022,20
2,4,truth,82,TR082,21
2,4,truth,20,TR020,22
2,4,truth,84,TR084,23
2,4,truth,81,TR081,24
2,4,truth,17,TR017,25
2,4,truth,114,TR114,26
2,4,truth,87,TR087,27
2,4,truth,23,TR023,28
2,4,truth,55,TR055,29
2,4,truth,19,TR019,30
2,4,truth,118,TR118,31
2,4,truth,18,TR018,32
3,4,truth,59,TR059,1
3,4,truth,91,TR091,2
3,4,truth,61,TR061,3
3,4,truth,95,TR095,4
3,4,truth,60,TR060,5
3,4,truth,124,TR124,6
3,4,truth,64,TR064,7
3,4,truth,93,TR093,8
3,4,truth,89,TR089,9
3,4,truth,90,TR090,10
3,4,truth,30,TR030,11
3,4,truth,128,TR128,12
3,4,truth,127,TR127,13
3,4,truth,31,TR031,14
3,4,truth,28,TR028,15
3,4,truth,25,TR025,16
3,4,truth,96,TR096,17
3,4,truth,32,TR032,18
3,4,truth,126,TR126,19
3,4,truth,122,TR122,20
3,4,truth,29,TR029,21
3,4,truth,94,TR094,22
3,4,truth,57,TR057,23
3,4,truth,63,TR063,24
3,4,truth,58,TR058,25
3,4,truth,26,TR026,26
3,4,truth,121,TR121,27
3,4,truth,123,TR123,28
3,4,truth,125,TR125,29
3,4,truth,27,TR027,30
3,4,truth,92,TR092,31
3,4,truth,62,TR062,32
4,4,truth,99,TR099,1
4,4,truth,67,TR067,2
4,4,truth,38,TR038,3
4,4,truth,8,TR008,4
4,4,truth,1,TR001,5
4,4,truth,69,TR069,6
4,4,truth,6,TR006,7
4,4,truth,36,TR036,8
4,4,truth,66,TR066,9
4,4,truth,70,TR070,10
4,4,truth,33,TR033,11
4,4,truth,2,TR002,12
4,4,truth,98,TR098,13
4,4,truth,3,TR003,14
4,4,truth,65,TR065,15
4,4,truth,7,TR007,16
4,4,truth,4,TR004,17
4,4,truth,97,TR097,18
4,4,truth,103,TR103,19
4,4,truth,39,TR039,20
4,4,truth,40,TR040,21
4,4,truth,5,TR005,22
4,4,truth,71,TR071,23
4,4,truth,101,TR101,24
4,4,truth,35,TR035,25
4,4,truth,34,TR034,26
4,4,truth,68,TR068,27
4,4,truth,72,TR072,28
4,4,truth,37,TR037,29
4,4,truth,100,TR100,30
4,4,truth,104,TR104,31
4,4,truth,102,TR102,32
1,5,categorization,50,CJ050,1
1,5,categorization,100,CJ100,2
1,5,categorization,127,CJ127,3
1,5,categorization,125,CJ125,4
1,5,categorization,115,CJ115,5
1,5,categorization,124,CJ124,6
1,5,categorization,121,CJ121,7
1,5,categorization,49,CJ049,8
1,5,categorization,126,CJ126,9
1,5,categorization,110,CJ110,10
1,5,categorization,108,CJ108,11
1,5,categorization,58,CJ058,12
1,5,categorization,116,CJ116,13
1,5,categorization,55,CJ055,14
1,5,categorization,98,CJ098,15
1,5,categorization,39,CJ039,16
1,5,categorization,99,CJ099,17
1,5,categorization,36,CJ036,18
1,5,categorization,56,CJ056,19
1,5,categorization,33,CJ033,20
1,5,categorization,97,CJ097,21
1,5,categorization,105,CJ105,22
1,5,categorization,34,CJ034,23
1,5,categorization,117,CJ117,24
1,5,categorization,113,CJ113,25
1,5,categorization,119,CJ119,26
1,5,categorization,128,CJ128,27
1,5,categorization,52,CJ052,28
1,5,categorization,104,CJ104,29
1,5,categorization,64,CJ064,30
1,5,categorization,46,CJ046,31
1,5,categorization,42,CJ042,32
1,5,categorization,60,CJ060,33
1,5,categorization,51,CJ051,34
1,5,categorization,103,CJ103,35
1,5,categorization,61,CJ061,36
1,5,categorization,112,CJ112,37
1,5,categorization,41,CJ041,38
1,5,categorization,35,CJ035,39
1,5,categorization,114,CJ114,40
1,5,categorization,101,CJ101,41
1,5,categorization,47,CJ047,42
1,5,categorization,122,CJ122,43
1,5,categorization,106,CJ106,44
1,5,categorization,63,CJ063,45
1,5,categorization,44,CJ044,46
1,5,categorization,102,CJ102,47
1,5,categorization,48,CJ048,48
1,5,categorization,40,CJ040,49
1,5,categorization,62,CJ062,50
1,5,categorization,109,CJ109,51
1,5,categorization,43,CJ043,52
1,5,categorization,45,CJ045,53
1,5,categorization,38,CJ038,54
1,5,categorization,54,CJ054,55
1,5,categorization,120,CJ120,56
1,5,categorization,123,CJ123,57
1,5,categorization,107,CJ107,58
1,5,categorization,37,CJ037,59
1,5,categorization,111,CJ111,60
1,5,categorization,118,CJ118,61
1,5,categorization,53,CJ053,62
1,5,categorization,59,CJ059,63
1,5,categorization,57,CJ057,64
1,5,truth,7,TR007,1
1,5,truth,1,TR001,2
1,5,truth,71,TR071,3
1,5,truth,37,TR037,4
1,5,truth,65,TR065,5
1,5,truth,4,TR004,6
1,5,truth,70,TR070,7
1,5,truth,98,TR098,8
1,5,truth,8,TR008,9
1,5,truth,38,TR038,10
1,5,truth,103,TR103,11
1,5,truth,34,TR034,12
1,5,truth,2,TR002,13
1,5,truth,69,TR069,14
1,5,truth,3,TR003,15
1,5,truth,39,TR039,16
1,5,truth,99,TR099,17
1,5,truth,36,TR036,18
1,5,truth,67,TR067,19
1,5,truth,68,TR068,20
1,5,truth,66,TR066,21
1,5,truth,40,TR040,22
1,5,truth,102,TR102,23
1,5,truth,72,TR072,24
1,5,truth,100,TR100,25
1,5,truth,104,TR104,26
1,5,truth,5,TR005,27
1,5,truth,33,TR033,28
1,5,truth,101,TR101,29
1,5,truth,35,TR035,30
1,5,truth,97,TR097,31
1,5,truth,6,TR006,32
2,5,truth,10,TR010,1
2,5,truth,13,TR013,2
2,5,truth,106,TR106,3
2,5,truth,107,TR107,4
2,5,truth,111,TR111,5
2,5,truth,73,TR073,6
2,5,truth,15,TR015,7
2,5,truth,41,TR041,8
2,5,truth,74,TR074,9
2,5,truth,112,TR112,10
2,5,truth,75,TR075,11
2,5,truth,109,TR109,12
2,5,truth,108,TR108,13
2,5,truth,9,TR009,14
2,5,truth,11,TR011,15
2,5,truth,14,TR014,16
2,5,truth,48,TR048,17
2,5,truth,110,TR110,18
2,5,truth,42,TR042,19
2,5,truth,45,TR045,20
2,5,truth,47,TR047,21
2,5,truth,16,TR016,22
2,5,truth,77,TR077,23
2,5,truth,76,TR076,24
2,5,truth,12,TR012,25
2,5,truth,80,TR080,26
2,5,truth,46,TR046,27
2,5,truth,78,TR078,28
2,5,truth,105,TR105,29
2,5,truth,79,TR079,30
2,5,truth,43,TR043,31
2,5,truth,44,TR044,32
3,5,truth,23,TR023,1
3,5,truth,117,TR117,2
3,5,truth,51,TR051,3
3,5,truth,116,TR116,4
3,5,truth,54,TR054,5
3,5,truth,22,TR022,6
3,5,truth,53,TR053,7
3,5,truth,50,TR050,8
3,5,truth,52,TR052,9
3,5,truth,87,TR087,10
3,5,truth,118,TR118,11
3,5,truth,114,TR114,12
3,5,truth,18,TR018,13
3,5,truth,24,TR024,14
3,5,truth,17,TR017,15
3,5,truth,119,TR119,16
3,5,truth,85,TR085,17
3,5,truth,81,TR081,18
3,5,truth,86,TR086,19
3,5,truth,120,TR120,20
3,5,truth,56,TR056,21
3,5,truth,49,TR049,22
3,5,truth,115,TR115,23
3,5,truth,113,TR113,24
3,5,truth,20,TR020,25
3,5,truth,84,TR084,26
3,5,truth,82,TR082,27
3,5,truth,19,TR019,28
3,5,truth,83,TR083,29
3,5,truth,21,TR021,30
3,5,truth,88,TR088,31
3,5,truth,55,TR055,32
4,5,truth,61,TR061,1
4,5,truth,28,TR028,2
4,5,truth,93,TR093,3
4,5,truth,92,TR092,4
4,5,truth,27,TR027,5
4,5,truth,60,TR060,6
4,5,truth,32,TR032,7
4,5,truth,90,TR090,8
4,5,truth,126,TR126,9
4,5,truth,89,TR089,10
4,5,truth,29,TR029,11
4,5,truth,30,TR030,12
4,5,truth,121,TR121,13
4,5,truth,125,TR125,14
4,5,truth,128,TR128,15
4,5,truth,26,TR026,16
4,5,truth,64,TR064,17
4,5,truth,96,TR096,18
4,5,truth,63,TR063,19
4,5,truth,123,TR123,20
4,5,truth,124,TR124,21
4,5,truth,91,TR091,22
4,5,truth,62,TR062,23
4,5,truth,25,TR025,24
4,5,truth,57,TR057,25
4,5,truth,58,TR058,26
4,5,truth,94,TR094,27
4,5,truth,127,TR127,28
4,5,truth,59,TR059,29
4,5,truth,31,TR031,30
4,5,truth,95,TR095,31
4,5,truth,122,TR122,32
1,6,categorization,53,CJ053,1
1,6,categorization,109,CJ109,2
1,6,categorization,104,CJ104,3
1,6,categorization,98,CJ098,4
1,6,categorization,36,CJ036,5
1,6,categorization,102,CJ102,6
1,6,categorization,47,CJ047,7
1,6,categorization,94,CJ094,8
1,6,categorization,52,CJ052,9
1,6,categorization,108,CJ108,10
1,6,categorization,29,CJ029,11
1,6,categorization,95,CJ095,12
1,6,categorization,90,CJ090,13
1,6,categorization,41,CJ041,14
1,6,categorization,118,CJ118,15
1,6,categorization,116,CJ116,16
1,6,categorization,31,CJ031,17
1,6,categorization,30,CJ030,18
1,6,categorization,111,CJ111,19
1,6,categorization,43,CJ043,20
1,6,categorization,33,CJ033,21
1,6,categorization,55,CJ055,22
1,6,categorization,27,CJ027,23
1,6,categorization,89,CJ089,24
1,6,categorization,97,CJ097,25
1,6,categorization,103,CJ103,26
1,6,categorization,91,CJ091,27
1,6,categorization,26,CJ026,28
1,6,categorization,54,CJ054,29
1,6,categorization,25,CJ025,30
1,6,categorization,49,CJ049,31
1,6,categorization,96,CJ096,32
1,6,categorization,93,CJ093,33
1,6,categorization,40,CJ040,34
1,6,categorization,35,CJ035,35
1,6,categorization,50,CJ050,36
1,6,categorization,37,CJ037,37
1,6,categorization,38,CJ038,38
1,6,categorization,113,CJ113,39
1,6,categorization,51,CJ051,40
1,6,categorization,120,CJ120,41
1,6,categorization,105,CJ105,42
1,6,categorization,106,CJ106,43
1,6,categorization,42,CJ042,44
1,6,categorization,34,CJ034,45
1,6,categorization,117,CJ117,46
1,6,categorization,44,CJ044,47
1,6,categorization,32,CJ032,48
1,6,categorization,92,CJ092,49
1,6,categorization,119,CJ119,50
1,6,categorization,112,CJ112,51
1,6,categorization,45,CJ045,52
1,6,categorization,48,CJ048,53
1,6,categorization,107,CJ107,54
1,6,categorization,99,CJ099,55
1,6,categorization,46,CJ046,56
1,6,categorization,115,CJ115,57
1,6,categorization,56,CJ056,58
1,6,categorization,101,CJ101,59
1,6,categorization,114,CJ114,60
1,6,categorization,100,CJ100,61
1,6,categorization,39,CJ039,62
1,6,categorization,110,CJ110,63
1,6,categorization,28,CJ028,64
1,6,truth,96,TR096,1
1,6,truth,27,TR027,2
1,6,truth,124,TR124,3
1,6,truth,64,TR064,4
1,6,truth,128,TR128,5
1,6,truth,61,TR061,6
1,6,truth,122,TR122,7
1,6,truth,63,TR063,8
1,6,truth,31,TR031,9
1,6,truth,92,TR092,10
1,6,truth,125,TR125,11
1,6,truth,89,TR089,12
1,6,truth,28,TR028,13
1,6,truth,30,TR030,14
1,6,truth,57,TR057,15
1,6,truth,90,TR090,16
1,6,truth,93,TR093,17
1,6,truth,60,TR060,18
1,6,truth,95,TR095,19
1,6,truth,26,TR026,20
1,6,truth,123,TR123,21
1,6,truth,32,TR032,22
1,6,truth,126,TR126,23
1,6,truth,62,TR062,24
1,6,truth,94,TR094,25
1,6,truth,127,TR127,26
1,6,truth,29,TR029,27
1,6,truth,59,TR059,28
1,6,truth,25,TR025,29
1,6,truth,91,TR091,30
1,6,truth,121,TR121,31
1,6,truth,58,TR058,32
2,6,truth,103,TR103,1
2,6,truth,2,TR002,2
2,6,truth,102,TR102,3
2,6,truth,36,TR036,4
2,6,truth,34,TR034,5
2,6,truth,6,TR006,6
2,6,truth,101,TR101,7
2,6,truth,98,TR098,8
2,6,truth,72,TR072,9
2,6,truth,40,TR040,10
2,6,truth,39,TR039,11
2,6,truth,7,TR007,12
2,6,truth,67,TR067,13
2,6,truth,37,TR037,14
2,6,truth,38,TR038,15
2,6,truth,35,TR035,16
2,6,truth,5,TR005,17
2,6,truth,97,TR097,18
2,6,truth,3,TR003,19
2,6,truth,1,TR001,20
2,6,truth,66,TR066,21
2,6,truth,104,TR104,22
2,6,truth,70,TR070,23
2,6,truth,71,TR071,24
2,6,truth,100,TR100,25
2,6,truth,99,TR099,26
2,6,truth,69,TR069,27
2,6,truth,33,TR033,28
2,6,truth,4,TR004,29
2,6,truth,8,TR008,30
2,6,truth,65,TR065,31
2,6,truth,68,TR068,32
3,6,truth,76,TR076,1
3,6,truth,16,TR016,2
3,6,truth,10,TR010,3
3,6,truth,74,TR074,4
3,6,truth,13,TR013,5
3,6,truth,42,TR042,6
3,6,truth,41,TR041,7
3,6,truth,108,TR108,8
3,6,truth,73,TR073,9
3,6,truth,12,TR012,10
3,6,truth,78,TR078,11
3,6,truth,9,TR009,12
3,6,truth,77,TR077,13
3,6,truth,107,TR107,14
3,6,truth,43,TR043,15
3,6,truth,44,TR044,16
3,6,truth,15,TR015,17
3,6,truth,105,TR105,18
3,6,truth,106,TR106,19
3,6,truth,48,TR048,20
3,6,truth,79,TR079,21
3,6,truth,109,TR109,22
3,6,truth,46,TR046,23
3,6,truth,111,TR111,24
3,6,truth,14,TR014,25
3,6,truth,112,TR112,26
3,6,truth,110,TR110,27
3,6,truth,11,TR011,28
3,6,truth,45,TR045,29
3,6,truth,47,TR047,30
3,6,truth,75,TR075,31
3,6,truth,80,TR080,32
4,6,truth,82,TR082,1
4,6,truth,84,TR084,2
4,6,truth,56,TR056,3
4,6,truth,86,TR086,4
4,6,truth,54,TR054,5
4,6,truth,53,TR053,6
4,6,truth,113,TR113,7
4,6,truth,24,TR024,8
4,6,truth,88,TR088,9
4,6,truth,114,TR114,10
4,6,truth,116,TR116,11
4,6,truth,22,TR022,12
4,6,truth,52,TR052,13
4,6,truth,119,TR119,14
4,6,truth,117,TR117,15
4,6,truth,51,TR051,16
4,6,truth,21,TR021,17
4,6,truth,87,TR087,18
4,6,truth,118,TR118,19
4,6,truth,49,TR049,20
4,6,truth,115,TR115,21
4,6,truth,50,TR050,22
4,6,truth,83,TR083,23
4,6,truth,18,TR018,24
4,6,truth,120,TR120,25
4,6,truth,17,TR017,26
4,6,truth,55,TR055,27
4,6,truth,85,TR085,28
4,6,truth,81,TR081,29
4,6,truth,19,TR019,30
4,6,truth,23,TR023,31
4,6,truth,20,TR020,32
1,7,categorization,112,CJ112,1
1,7,categorization,38,CJ038,2
1,7,categorization,85,CJ085,3
1,7,categorization,44,CJ044,4
1,7,categorization,48,CJ048,5
1,7,categorization,82,CJ082,6
1,7,categorization,36,CJ036,7
1,7,categorization,26,CJ026,8
1,7,categorization,81,CJ081,9
1,7,categorization,100,CJ100,10
1,7,categorization,34,CJ034,11
1,7,categorization,98,CJ098,12
1,7,categorization,29,CJ029,13
1,7,categorization,21,CJ021,14
1,7,categorization,83,CJ083,15
1,7,categorization,39,CJ039,16
1,7,categorization,25,CJ025,17
1,7,categorization,27,CJ027,18
1,7,categorization,18,CJ018,19
1,7,categorization,104,CJ104,20
1,7,categorization,20,CJ020,21
1,7,categorization,94,CJ094,22
1,7,categorization,91,CJ091,23
1,7,categorization,46,CJ046,24
1,7,categorization,87,CJ087,25
1,7,categorization,95,CJ095,26
1,7,categorization,103,CJ103,27
1,7,categorization,43,CJ043,28
1,7,categorization,99,CJ099,29
1,7,categorization,109,CJ109,30
1,7,categorization,30,CJ030,31
1,7,categorization,111,CJ111,32
1,7,categorization,33,CJ033,33
1,7,categorization,97,CJ097,34
1,7,categorization,89,CJ089,35
1,7,categorization,24,CJ024,36
1,7,categorization,93,CJ093,37
1,7,categorization,88,CJ088,38
1,7,categorization,90,CJ090,39
1,7,categorization,105,CJ105,40
1,7,categorization,110,CJ110,41
1,7,categorization,84,CJ084,42
1,7,categorization,86,CJ086,43
1,7,categorization,40,CJ040,44
1,7,categorization,108,CJ108,45
1,7,categorization,19,CJ019,46
1,7,categorization,31,CJ031,47
1,7,categorization,32,CJ032,48
1,7,categorization,47,CJ047,49
1,7,categorization,35,CJ035,50
1,7,categorization,22,CJ022,51
1,7,categorization,28,CJ028,52
1,7,categorization,41,CJ041,53
1,7,categorization,101,CJ101,54
1,7,categorization,45,CJ045,55
1,7,categorization,23,CJ023,56
1,7,categorization,96,CJ096,57
1,7,categorization,17,CJ017,58
1,7,categorization,106,CJ106,59
1,7,categorization,92,CJ092,60
1,7,categorization,102,CJ102,61
1,7,categorization,42,CJ042,62
1,7,categorization,37,CJ037,63
1,7,categorization,107,CJ107,64
1,7,truth,49,TR049,1
1,7,truth,115,TR115,2
1,7,truth,81,TR081,3
1,7,truth,116,TR116,4
1,7,truth,120,TR120,5
1,7,truth,88,TR088,6
1,7,truth,85,TR085,7
1,7,truth,119,TR119,8
1,7,truth,84,TR084,9
1,7,truth,86,TR086,10
1,7,truth,52,TR052,11
1,7,truth,83,TR083,12
1,7,truth,55,TR055,13
1,7,truth,21,TR021,14
1,7,truth,17,TR017,15
1,7,truth,23,TR023,16
1,7,truth,20,TR020,17
1,7,truth,19,TR019,18
1,7,truth,118,TR118,19
1,7,truth,82,TR082,20
1,7,truth,87,TR087,21
1,7,truth,18,TR018,22
1,7,truth,113,TR113,23
1,7,truth,114,TR114,24
1,7,truth,117,TR117,25
1,7,truth,51,TR051,26
1,7,truth,54,TR054,27
1,7,truth,50,TR050,28
1,7,truth,53,TR053,29
1,7,truth,24,TR024,30
1,7,truth,22,TR022,31
1,7,truth,56,TR056,32
2,7,truth,57,TR057,1
2,7,truth,29,TR029,2
2,7,truth,64,TR064,3
2,7,truth,91,TR091,4
2,7,truth,124,TR124,5
2,7,truth,92,TR092,6
2,7,truth,123,TR123,7
2,7,truth,30,TR030,8
2,7,truth,28,TR028,9
2,7,truth,94,TR094,10
2,7,truth,25,TR025,11
2,7,truth,63,TR063,12
2,7,truth,58,TR058,13
2,7,truth,127,TR127,14
2,7,truth,60,TR060,15
2,7,truth,31,TR031,16
2,7,truth,96,TR096,17
2,7,truth,59,TR059,18
2,7,truth,89,TR089,19
2,7,truth,27,TR027,20
2,7,truth,95,TR095,21
2,7,truth,125,TR125,22
2,7,truth,32,TR032,23
2,7,truth,128,TR128,24
2,7,truth,61,TR061,25
2,7,truth,121,TR121,26
2,7,truth,126,TR126,27
2,7,truth,62,TR062,28
2,7,truth,93,TR093,29
2,7,truth,26,TR026,30
2,7,truth,122,TR122,31
2,7,truth,90,TR090,32
3,7,truth,68,TR068,1
3,7,truth,65,TR065,2
3,7,truth,38,TR038,3
3,7,truth,8,TR008,4
3,7,truth,7,TR007,5
3,7,truth,102,TR102,6
3,7,truth,97,TR097,7
3,7,truth,71,TR071,8
3,7,truth,35,TR035,9
3,7,truth,39,TR039,10
3,7,truth,100,TR100,11
3,7,truth,33,TR033,12
3,7,truth,6,TR006,13
3,7,truth,72,TR072,14
3,7,truth,36,TR036,15
3,7,truth,103,TR103,16
3,7,truth,1,TR001,17
3,7,truth,3,TR003,18
3,7,truth,4,TR004,19
3,7,truth,98,TR098,20
3,7,truth,101,TR101,21
3,7,truth,67,TR067,22
3,7,truth,34,TR034,23
3,7,truth,37,TR037,24
3,7,truth,69,TR069,25
3,7,truth,99,TR099,26
3,7,truth,66,TR066,27
3,7,truth,104,TR104,28
3,7,truth,40,TR040,29
3,7,truth,70,TR070,30
3,7,truth,5,TR005,31
3,7,truth,2,TR002,32
4,7,truth,16,TR016,1
4,7,truth,46,TR046,2
4,7,truth,76,TR076,3
4,7,truth,112,TR112,4
4,7,truth,111,TR111,5
4,7,truth,109,TR109,6
4,7,truth,45,TR045,7
4,7,truth,15,TR015,8
4,7,truth,14,TR014,9
4,7,truth,77,TR077,10
4,7,truth,75,TR075,11
4,7,truth,106,TR106,12
4,7,truth,108,TR108,13
4,7,truth,48,TR048,14
4,7,truth,79,TR079,15
4,7,truth,10,TR010,16
4,7,truth,73,TR073,17
4,7,truth,43,TR043,18
4,7,truth,12,TR012,19
4,7,truth,107,TR107,20
4,7,truth,44,TR044,21
4,7,truth,11,TR011,22
4,7,truth,13,TR013,23
4,7,truth,110,TR110,24
4,7,truth,9,TR009,25
4,7,truth,74,TR074,26
4,7,truth,42,TR042,27
4,7,truth,41,TR041,28
4,7,truth,80,TR080,29
4,7,truth,47,TR047,30
4,7,truth,78,TR078,31
4,7,truth,105,TR105,32
1,8,categorization,17,CJ017,1
1,8,categorization,90,CJ090,2
1,8,categorization,79,CJ079,3
1,8,categorization,34,CJ034,4
1,8,categorization,100,CJ100,5
1,8,categorization,87,CJ087,6
1,8,categorization,16,CJ016,7
1,8,categorization,19,CJ019,8
1,8,categorization,28,CJ028,9
1,8,categorization,39,CJ039,10
1,8,categorization,91,CJ091,11
1,8,categorization,97,CJ097,12
1,8,categorization,84,CJ084,13
1,8,categorization,73,CJ073,14
1,8,categorization,99,CJ099,15
1,8,categorization,103,CJ103,16
1,8,categorization,31,CJ031,17
1,8,categorization,101,CJ101,18
1,8,categorization,93,CJ093,19
1,8,categorization,88,CJ088,20
1,8,categorization,25,CJ025,21
1,8,categorization,83,CJ083,22
1,8,categorization,23,CJ023,23
1,8,categorization,80,CJ080,24
1,8,categorization,26,CJ026,25
1,8,categorization,76,CJ076,26
1,8,categorization,9,CJ009,27
1,8,categorization,36,CJ036,28
1,8,categorization,21,CJ021,29
1,8,categorization,20,CJ020,30
1,8,categorization,40,CJ040,31
1,8,categorization,14,CJ014,32
1,8,categorization,29,CJ029,33
1,8,categorization,15,CJ015,34
1,8,categorization,104,CJ104,35
1,8,categorization,74,CJ074,36
1,8,categorization,82,CJ082,37
1,8,categorization,38,CJ038,38
1,8,categorization,10,CJ010,39
1,8,categorization,95,CJ095,40
1,8,categorization,94,CJ094,41
1,8,categorization,24,CJ024,42
1,8,categorization,78,CJ078,43
1,8,categorization,85,CJ085,44
1,8,categorization,11,CJ011,45
1,8,categorization,37,CJ037,46
1,8,categorization,77,CJ077,47
1,8,categorization,30,CJ030,48
1,8,categorization,98,CJ098,49
1,8,categorization,81,CJ081,50
1,8,categorization,13,CJ013,51
1,8,categorization,18,CJ018,52
1,8,categorization,12,CJ012,53
1,8,categorization,22,CJ022,54
1,8,categorization,27,CJ027,55
1,8,categorization,92,CJ092,56
1,8,categorization,86,CJ086,57
1,8,categorization,102,CJ102,58
1,8,categorization,35,CJ035,59
1,8,categorization,32,CJ032,60
1,8,categorization,89,CJ089,61
1,8,categorization,75,CJ075,62
1,8,categorization,33,CJ033,63
1,8,categorization,96,CJ096,64
1,8,truth,106,TR106,1
1,8,truth,105,TR105,2
1,8,truth,77,TR077,3
1,8,truth,43,TR043,4
1,8,truth,112,TR112,5
1,8,truth,41,TR041,6
1,8,truth,45,TR045,7
1,8,truth,9,TR009,8
1,8,truth,74,TR074,9
1,8,truth,47,TR047,10
1,8,truth,80,TR080,11
1,8,truth,109,TR109,12
1,8,truth,110,TR110,13
1,8,truth,16,TR016,14
1,8,truth,42,TR042,15
1,8,truth,44,TR044,16
1,8,truth,13,TR013,17
1,8,truth,48,TR048,18
1,8,truth,79,TR079,19
1,8,truth,15,TR015,20
1,8,truth,107,TR107,21
1,8,truth,10,TR010,22
1,8,truth,11,TR011,23
1,8,truth,12,TR012,24
1,8,truth,14,TR014,25
1,8,truth,111,TR111,26
1,8,truth,46,TR046,27
1,8,truth,108,TR108,28
1,8,truth,78,TR078,29
1,8,truth,76,TR076,30
1,8,truth,75,TR075,31
1,8,truth,73,TR073,32
2,8,truth,24,TR024,1
2,8,truth,50,TR050,2
2,8,truth,52,TR052,3
2,8,truth,17,TR017,4
2,8,truth,81,TR081,5
2,8,truth,22,TR022,6
2,8,truth,88,TR088,7
2,8,truth,82,TR082,8
2,8,truth,20,TR020,9
2,8,truth,85,TR085,10
2,8,truth,118,TR118,11
2,8,truth,21,TR021,12
2,8,truth,18,TR018,13
2,8,truth,49,TR049,14
2,8,truth,54,TR054,15
2,8,truth,114,TR114,16
2,8,truth,56,TR056,17
2,8,truth,113,TR113,18
2,8,truth,23,TR023,19
2,8,truth,115,TR115,20
2,8,truth,51,TR051,21
2,8,truth,53,TR053,22
2,8,truth,119,TR119,23
2,8,truth,84,TR084,24
2,8,truth,83,TR083,25
2,8,truth,116,TR116,26
2,8,truth,117,TR117,27
2,8,truth,87,TR087,28
2,8,truth,120,TR120,29
2,8,truth,55,TR055,30
2,8,truth,86,TR086,31
2,8,truth,19,TR019,32
3,8,truth,32,TR032,1
3,8,truth,125,TR125,2
3,8,truth,128,TR128,3
3,8,truth,30,TR030,4
3,8,truth,61,TR061,5
3,8,truth,31,TR031,6
3,8,truth,126,TR126,7
3,8,truth,92,TR092,8
3,8,truth,60,TR060,9
3,8,truth,96,TR096,10
3,8,truth,62,TR062,11
3,8,truth,127,TR127,12
3,8,truth,58,TR058,13
3,8,truth,95,TR095,14
3,8,truth,91,TR091,15
3,8,truth,94,TR094,16
3,8,truth,63,TR063,17
3,8,truth,123,TR123,18
3,8,truth,64,TR064,19
3,8,truth,90,TR090,20
3,8,truth,124,TR124,21
3,8,truth,89,TR089,22
3,8,truth,29,TR029,23
3,8,truth,93,TR093,24
3,8,truth,57,TR057,25
3,8,truth,122,TR122,26
3,8,truth,121,TR121,27
3,8,truth,27,TR027,28
3,8,truth,25,TR025,29
3,8,truth,26,TR026,30
3,8,truth,28,TR028,31
3,8,truth,59,TR059,32
4,8,truth,101,TR101,1
4,8,truth,69,TR069,2
4,8,truth,98,TR098,3
4,8,truth,97,TR097,4
4,8,truth,37,TR037,5
4,8,truth,5,TR005,6
4,8,truth,71,TR071,7
4,8,truth,39,TR039,8
4,8,truth,7,TR007,9
4,8,truth,100,TR100,10
4,8,truth,72,TR072,11
4,8,truth,68,TR068,12
4,8,truth,67,TR067,13
4,8,truth,2,TR002,14
4,8,truth,34,TR034,15
4,8,truth,38,TR038,16
4,8,truth,66,TR066,17
4,8,truth,6,TR006,18
4,8,truth,33,TR033,19
4,8,truth,40,TR040,20
4,8,truth,4,TR004,21
4,8,truth,36,TR036,22
4,8,truth,103,TR103,23
4,8,truth,65,TR065,24
4,8,truth,8,TR008,25
4,8,truth,104,TR104,26
4,8,truth,99,TR099,27
4,8,truth,3,TR003,28
4,8,truth,35,TR035,29
4,8,truth,1,TR001,30
4,8,truth,70,TR070,31
4,8,truth,102,TR102,32
